{
    "AAPL": {
        "min": 13.12,
        "max": 702.1,
        "avg": 174.96465445965077,
        "median": 140.7699
    },
    "MSFT": {
        "min": 15.15,
        "max": 467.56,
        "avg": 98.01833414595785,
        "median": 47.400000000000006
    },
    "TSLA": {
        "min": 15.8,
        "max": 2238.75,
        "avg": 303.4654313026924,
        "median": 232.96
    }
}